zone_id,zone_name,school_type,shade_score,lat,lon,area_m2
1,Center for the Study of Language...,Humanities,0.49745401188473626,37.4304226,-122.1787579,0.0
2,Galvez Help Center,General,0.5550714306409916,37.4307725,-122.1649645,0.0
3,Sterling Quadrangle,General,0.5331993941811405,37.425793,-122.1802778,0.0
4,Lagunita Court,General,0.5198658484197036,37.4248886,-122.1762771,0.0
5,Polya Data Center,General,0.47560186404424365,37.4288281,-122.1777426,0.0
6,Spruce Hall,Residential,0.5455994520336203,37.4285503,-122.1769092,0.0
7,Turing Hall,Residential,0.5358083612168199,37.4288507,-122.1775522,0.0
8,Keck Hall,Residential,0.6166176145774935,37.4316585,-122.1719222,0.0
9,Crothers Memorial Hall,Residential,0.5901115011743209,37.4257703,-122.164747,0.0
10,Lucie Stern Hall,Dining,0.5308072577796046,37.42446064754663,-122.16567725041293,1.016222360003862e-06
11,Main Quad,General,0.46205844942958024,37.427644619687854,-122.17021975966867,3.1837737449971894e-06
12,Stanford Hospital,Medicine,0.5569909852161994,37.43437152006412,-122.1750443998213,2.607893985003987e-06
13,Florence Moore Hall,Residential,0.6132442640800422,37.42202647260024,-122.1717769775356,6.667190700002102e-07
14,Faculty Club,Dining,0.48123391106782765,37.42390889318836,-122.17174207506456,1.347490500008298e-07
15,Green Earth Sciences Building,Library,0.40818249672071,37.42689827230261,-122.17395275961516,3.470065799980291e-07
16,Alway,General,0.4783404509853434,37.432394646534185,-122.1748970470792,3.576740449993355e-07
17,Lane,General,0.4904242242959538,37.43254252641555,-122.1756260140499,2.8246366999675976e-07
18,Edwards,General,0.5124756431632238,37.43268865784881,-122.1763222341875,3.003207699984945e-07
19,Boswell,General,0.5031945018642116,37.43315221179065,-122.175429975762,3.3704103500141936e-07
20,Grant,General,0.4891229140198042,37.43296964995659,-122.17466792390442,4.351337199966366e-07
21,General Zone 21,General,0.521185289472238,37.43477345195525,-122.18074487437048,2.886222799993521e-07
22,Residential Zone 22,Residential,0.5439493860652042,37.43566328843627,-122.17951078322795,5.206697000037819e-08
23,General Zone 23,General,0.4892144648535218,37.43535627164549,-122.17939504165281,1.0693636000020233e-07
24,Residential Zone 24,Residential,0.5666361843293691,37.435524432738475,-122.17987431267423,5.5216885000316046e-08
25,Roble Gymnasium,StudentCenter,0.6456069984217035,37.426179311659034,-122.17479864327859,4.326012799980885e-07
26,McMurtry Art,Arts,0.6085175961393013,37.432597733799504,-122.17173989955688,3.343368099984278e-07
27,Stanford Humanities Center,Humanities,0.47996737821583596,37.42464699148458,-122.17213313599602,1.605718349989058e-07
28,Schiff,General,0.5114234438413612,37.42615541132823,-122.18051366723923,1.088725000006438e-07
29,Potter House,Residential,0.5892414568862042,37.42565875961837,-122.17976649867687,8.737914999963466e-08
30,Adams,General,0.4646450412719998,37.4259793036318,-122.17982711774881,1.0253900000023126e-07
31,Robinson House,Residential,0.5907544851901438,37.42590409095805,-122.18067290984499,6.869649999785716e-08
32,Cantor Arts Center,Arts,0.5470524123687291,37.43297056104214,-122.17086360503501,4.3333979499973455e-07
33,Braun Music Center,General,0.466505159298528,37.423757360524384,-122.16945157145634,2.7575303999755904e-07
34,Lyman Commons,General,0.5548885537253333,37.42520003225471,-122.1814863390194,5.460699999961778e-08
35,Schwab Residential Center,General,0.5565632033074559,37.4264432904573,-122.16180576636197,5.579007100003644e-07
36,Stanford Stadium,General,0.5408397348116462,37.43451978771052,-122.1610899770031,2.290303089999374e-06
37,Stock Farm Garage,Transit,0.31546137691733706,37.431713624932584,-122.18209236462124,1.1613319299986934e-06
38,Fire Truck House,General,0.4697672114006384,37.42508385,-122.17169299999999,1.2334969999849789e-08
39,Tresidder Memorial Union,StudentCenter,0.6684233026512156,37.42419302225743,-122.17095134695323,4.1909141000014697e-07
40,General Zone 40,General,0.5040152493739601,37.42602621942938,-122.16559179590797,1.760214050045816e-07
41,Mechanical Engineering Laboratory,Engineering,0.33220382348447786,37.425565236242136,-122.17214973549942,2.2806796500047956e-07
42,Product Realization Lab,General,0.509517691011127,37.42518192685741,-122.1713124676267,1.4994418999854851e-07
43,General Zone 43,General,0.46343885211152186,37.425427652952784,-122.1716559597836,2.5131669999931847e-08
44,Arrillaga Golf Shop,General,0.5509320402078782,37.42287531495217,-122.18161523010626,2.8809269998815524e-08
45,Frances C. Arrillaga Alumni Center,General,0.4858779981600017,37.430757089770786,-122.16486795149163,4.96019785004357e-07
46,Fairchild Building,General,0.5262522284353982,37.4317611,-122.1751452,2.536276799964678e-07
47,Clubhouse,General,0.4911711076089411,37.424782410731176,-122.16998864890235,4.9045860000204674e-08
48,The Nitery,General,0.512006802117781,37.42535645591452,-122.16983979908686,7.159332999879699e-08
49,Old Union,StudentCenter,0.6546710279343279,37.42520638902556,-122.17048948603237,1.8259374000143298e-07
50,Otero,General,0.4784854455525527,37.42363882107717,-122.16368133584673,9.812588500036337e-08
51,Soto,General,0.5569584627764559,37.42441361116184,-122.16387080647192,1.0169321500050994e-07
52,General Zone 52,General,0.5375132823361115,37.430442809219485,-122.16594484481293,8.012198499932123e-08
53,General Zone 53,General,0.5539498941564189,37.42563537757832,-122.17127609796303,1.871912250002951e-07
54,General Zone 54,General,0.5494827350427649,37.42580672011077,-122.1717398832605,3.3434349999913165e-08
55,Press,General,0.5197899978811085,37.42528939271986,-122.1724999467804,1.0388495500189078e-07
56,General Zone 56,General,0.5521874235023116,37.42427039544749,-122.16229652986263,5.310559999755281e-09
57,General Zone 57,General,0.46884925020519197,37.42399567212009,-122.16313870761535,2.914300099998128e-07
58,Stanford Cancer Center,General,0.47959828624191453,37.43586734185218,-122.17629499988335,5.940467649999389e-07
59,Jen-Hsun Huang Engineering,Engineering,0.3245227288910538,37.427884211698505,-122.17433004782274,3.0364618499662566e-07
60,Jerry Yang & Akiko Yamazaki Envi...,General,0.49253303307632645,37.42814664032665,-122.17555819281147,4.623470099987328e-07
61,Spilker Engineering and Applied ...,Engineering,0.3588677289689482,37.428804734464464,-122.17403849803905,2.236324100004798e-07
62,Paul G. Allen,General,0.4871349031773896,37.429555048260944,-122.17485692502832,4.1580421500369263e-07
63,Hoover Pavilion,General,0.542873750915193,37.44140287367231,-122.16867385572323,2.0099518499884398e-07
64,Beckman Center for Molecular and...,Medicine,0.4956753326693589,37.4320409843545,-122.1764639956223,3.8248048999796045e-07
65,Falk Center,General,0.4880934509687381,37.435026505876856,-122.17397710929228,1.6535491500168324e-07
66,Li Ka Shing Center,General,0.5142696083158249,37.431822243994944,-122.17583508400378,3.0115103999881747e-07
67,Blake Wilbur Building,General,0.4740924224974763,37.43552639872479,-122.17744290711781,1.5262490000040394e-07
68,Lucile Packard Children's Hospit...,Engineering,0.400219698075404,37.43599186022346,-122.1749938990204,9.511980999994472e-07
69,Anne T. & Robert M. Bass Center,General,0.46745506436797707,37.42853873702099,-122.1622184304826,1.285027849998921e-07
70,W. Carter McClelland Building,Arts,0.6286886936600516,37.42782935642036,-122.16291639338323,1.6907995999792804e-07
71,Lorenzo H. Zambrano Hall,General,0.5372244769296658,37.42866187146108,-122.16303409744411,1.4271242500336518e-07
72,John A. & Cynthia Fry Gunn Building,General,0.47987156815341725,37.42827806430656,-122.16343366258633,1.26811354999674e-07
73,Faculty Building West,General,0.46055221171236027,37.42818819526016,-122.16188661942594,2.522393999983537e-07
74,Faculty Building East,General,0.5415461428454834,37.42804257130218,-122.16124922922944,2.950240349992407e-07
75,MBA Class of 1968 Building,General,0.5306857343847617,37.42765570159826,-122.16211176966243,1.4488412500042118e-07
76,Clark Auditorium,General,0.5329007168040988,37.43112690110333,-122.17446244552184,3.2231180000059964e-08
77,James H. Clark Center,General,0.5371270346685946,37.431336167430956,-122.17438640260774,7.915076899952564e-07
78,Richard M. Lucas Center for Imaging,General,0.46740446517340906,37.433194517511524,-122.1788376321456,3.713818599980605e-07
79,School of Medicine Loading Dock,Medicine,0.4958465728544273,37.431491328060325,-122.17840379647514,8.165830000036479e-08
80,Lorry I. Lokey Stem Cell Researc...,General,0.47158690595251296,37.4314270006013,-122.1775786120782,5.134846099960371e-07
81,Center for Clinical Sciences Res...,Engineering,0.4063103425875594,37.43232734340982,-122.1775075647504,7.474376900031237e-07
82,Toyon Hall,Residential,0.5923298126827558,37.42605550541265,-122.1635106008515,2.6545885000248425e-07
83,William H. Neukom Building,Law,0.4930898024852649,37.42352872702093,-122.16814448712162,2.2335291499827246e-07
84,John A. & Cynthia Fry Gunn Building,General,0.46635583502860234,37.429164436170915,-122.16551568968717,1.5012740000161053e-07
85,Okada,General,0.49109823217156623,37.423475930140334,-122.16290612923675,9.225108999966086e-08
86,Rinconada,General,0.4925183322026747,37.42387647945178,-122.16401936504673,8.774825999985194e-08
87,Trancos,General,0.5329606178338064,37.424468647976695,-122.16341211383967,8.331817499938102e-08
88,General Zone 88,General,0.5237557471355213,37.423382146546984,-122.16257865067843,4.425019999927262e-09
89,General Zone 89,General,0.5487212742576326,37.42457717011107,-122.16370577228363,4.7600449994409835e-09
90,General Zone 90,General,0.507221492516195,37.42368731284239,-122.16400392588503,4.8718049999384855e-09
91,Bing Concert Hall,Residential,0.5419594245938302,37.43206497259438,-122.16613202945906,6.106846299964423e-07
92,General Zone 92,General,0.5313244787222995,37.44033574680517,-122.16826668571127,1.0088563500061931e-07
93,Arrillaga Family Sports Center,General,0.5360785048616897,37.43022286607154,-122.16162339561909,4.990493149991759e-07
94,Stanford Comprehensive ENT Clinic,Medicine,0.5161277197569496,37.4366175,-122.176824,6.840599999966509e-08
95,Avery Competition Pool,General,0.5370967179954561,37.43119066596216,-122.16099209843115,3.1276000000045994e-07
96,Environmental Safety Facility Bu...,General,0.5093795596364391,37.42917076837726,-122.1856651144154,7.831427000054766e-08
97,General Zone 97,General,0.5122732829381994,37.43594918817202,-122.17887765104028,7.125749999893013e-08
98,Residential Zone 98,Residential,0.572754101835855,37.435208353635815,-122.1799218889588,6.88654700004247e-08
99,Residential Zone 99,Residential,0.5325419126744095,37.43495531260062,-122.17965340139497,5.900745999942932e-08
100,Residential Zone 100,Residential,0.5407891426993304,37.435191000871164,-122.18031254097593,6.806394999929333e-08
101,Residential Zone 101,Residential,0.5331429185686734,37.43490801403696,-122.17999053507766,6.41180450005841e-08
102,General Zone 102,General,0.5236410411263781,37.434993235554806,-122.18028405163956,8.867535000537333e-09
103,General Zone 103,General,0.49143559810763265,37.433806058482475,-122.15958539485433,1.2652297500349577e-07
104,General Zone 104,General,0.5108570691164703,37.433258757500916,-122.15993496775687,5.648750000040372e-08
105,Puichon,General,0.5507566473926093,37.42903525561716,-122.1834515286901,5.3296499999044484e-08
106,Barnes Hall,General,0.4849292229148875,37.42901247809257,-122.18302330185153,2.1054499999840078e-08
107,Bleeker Hall,General,0.501038292303563,37.429332150590525,-122.1830300527051,3.7099499999918414e-08
108,Wadsworth Hall,General,0.5355551138543049,37.42954700000001,-122.1833155,5.8425000003630326e-08
109,Price Hall,General,0.48287981654916223,37.42953895400239,-122.18283306410058,3.850200000082297e-08
110,Cordura Hall,General,0.4676979909828793,37.43048211070944,-122.17877277304714,9.432650000044271e-08
111,Ventura Hall,General,0.4889751452913768,37.43017292587985,-122.17875964695051,4.380500000017205e-08
112,Nora Suppes Hall,General,0.47612212872540044,37.430195,-122.17923850000001,5.476800000032182e-08
113,General Zone 113,General,0.5529697652342573,37.42692010791273,-122.18014988845289,3.3384999999383596e-08
114,288,General,0.5408120379564417,37.43005161657474,-122.17961675099733,1.4413500000980262e-08
115,General Zone 115,General,0.5233403756510424,37.42777242379538,-122.1796191875281,2.2234000000556172e-08
116,General Zone 116,General,0.5471460590187718,37.42687526191144,-122.17969380832793,2.677750000074898e-08
117,General Zone 117,General,0.5403672076899114,37.4277281227445,-122.17930849549569,2.4975999998601338e-08
118,General Zone 118,General,0.4786570058886036,37.42679415553461,-122.17937276864323,2.2278000000163467e-08
119,General Zone 119,General,0.5492558998489978,37.426753268467266,-122.17905401558302,2.854599999936132e-08
120,General Zone 120,General,0.5139342241915651,37.42763666321162,-122.17893703524273,5.3689499999827575e-08
121,General Zone 121,General,0.5407440155164063,37.43241012967072,-122.16272691175004,4.624896500170357e-08
122,General Zone 122,General,0.5496091299923493,37.42666605247518,-122.1785279315699,3.224700000008154e-08
123,General Zone 123,General,0.4918003474971864,37.43204072057252,-122.16323285500107,6.516491500039556e-08
124,Maintenance Shops (09-100),General,0.4710051924527677,37.4285877,-122.157278,2.742000000020402e-07
125,LBRE Office (09-105),General,0.4827935162541942,37.428585999999996,-122.1579025,4.0632000000203397e-08
126,"Warehouse, Maps & Records Office...",Residential,0.5727107788626256,37.42926396849349,-122.1582958088196,6.765429000023948e-07
127,General Zone 127,General,0.5418014765922493,37.430200345086774,-122.18463607694122,3.5562984999202006e-08
128,Environmental Safety Facility Annex,General,0.5460730583256344,37.42967330805425,-122.18469397027296,6.566940000159515e-08
129,Automotive Innovation Facility,General,0.46069521305311906,37.43014051927743,-122.18383614409355,1.220875850000957e-07
130,Environmental Safety Facility Bu...,General,0.5110747302577566,37.4297075428002,-122.18551358563109,8.435017000091534e-08
131,General Zone 131,General,0.501741100314878,37.4290182077728,-122.18417232286997,1.3379999999192983e-09
132,General Zone 132,General,0.48221078104707304,37.427589426712615,-122.17842108168868,3.090799999890964e-08
133,General Zone 133,General,0.47198653673336827,37.42691905835896,-122.17850815250563,2.585150000032313e-08
134,General Zone 134,General,0.4937615171403628,37.42779450085763,-122.17997073972626,3.731199999890579e-08
135,General Zone 135,General,0.554290970391252,37.427518545991006,-122.1800556696827,3.431650000043537e-08
136,General Zone 136,General,0.49232029320207554,37.42714196836222,-122.18018035837525,2.2362500000223503e-08
137,Murray House,Residential,0.5818790621743366,37.42516693003351,-122.17841013487234,8.223700000086887e-08
138,General Zone 138,General,0.5303018958895178,37.4256544242137,-122.17851656118408,8.386850000051761e-08
139,General Zone 139,General,0.4963629602379294,37.424737660365004,-122.17843535077114,8.746350000155638e-08
140,Avanti,Dining,0.5571782082720961,37.424625273722576,-122.18086217751197,3.799649999864684e-08
141,Stanford Barn,General,0.5562447294942111,37.4375086286953,-122.17311781717792,2.787100000003308e-07
142,General Zone 142,General,0.4851782295825364,37.42904622484485,-122.15997270062876,2.1608900000023844e-07
143,Stanford Federal Credit Union,StudentCenter,0.6497248505892385,37.42918366647295,-122.15578301355356,6.086975000045509e-08
144,General Zone 144,General,0.49008783098167696,37.43772092676027,-122.17442087251379,2.1085549999995575e-07
145,General Zone 145,General,0.48848404943774676,37.438020581960814,-122.17532798130017,1.1736299999954368e-07
146,General Zone 146,General,0.46368869473545327,37.438151390663464,-122.1761028881142,1.3023399999934223e-07
147,General Zone 147,General,0.5209564333979897,37.43685152280689,-122.176175309864,5.3715499998438636e-08
148,General Zone 148,General,0.5102679023228862,37.43727210418834,-122.17733365587797,1.3752901000074374e-07
149,General Zone 149,General,0.46514787512499894,37.43756011801956,-122.1768335820648,1.1489071000233958e-07
150,General Zone 150,General,0.4878646464236612,37.43651706404547,-122.17834826747702,1.0777499999761649e-07
151,Maples Pavilion,General,0.5508265885966653,37.42956077962647,-122.16054538214232,7.375795000013266e-07
152,Palo Alto Fire Station 6,Transit,0.3089561890666972,37.42748397421991,-122.15843147469374,1.68892450001251e-07
153,Sam McDonald Track House,Residential,0.5444894872091223,37.431535803706105,-122.16362677004004,3.955095000039883e-08
154,Stanford Auxiliary Library,Library,0.43894527602775624,37.4301596229579,-122.15498112648899,3.760299000009457e-07
155,General Zone 155,General,0.5585650454110601,37.43042749512836,-122.16206445335123,5.5609264998841835e-08
156,General Zone 156,General,0.48420552715115006,37.428595884046985,-122.17886730324298,5.342250000062514e-08
157,General Zone 157,General,0.5272135547405878,37.43197693974171,-122.15965652090465,5.772649999878722e-08
158,Peninsula Sanitary Service (09-950),General,0.5361619615328718,37.42817090053556,-122.15854342675723,1.7520500001019283e-08
159,Middle Earth,Dining,0.48376375439923996,37.424607991504075,-122.18056376830683,3.162300000068159e-08
160,General Zone 160,General,0.5328216348611859,37.4245831687322,-122.1777523646879,1.6138000000091902e-08
161,General Zone 161,General,0.49677831327192534,37.43362502342718,-122.16214365490109,1.6035499999788796e-08
162,Beefeaters,Dining,0.523230583059358,37.42485319231653,-122.18083437030272,2.2661604998896986e-08
163,General Zone 163,General,0.5233529710760895,37.428457042414706,-122.17918836926779,9.410649999747508e-08
164,Bollard,Dining,0.5135774684074759,37.4249375445293,-122.1805407607778,2.21724950002367e-08
165,General Zone 165,General,0.46902897700544083,37.42493318984221,-122.18072577829169,2.131011000105112e-08
166,General Zone 166,General,0.5435302495589238,37.43068134814185,-122.16241568612413,2.2492462999803228e-07
167,Environmental Safety Facility Bu...,General,0.4920780064971736,37.42929332417372,-122.1853160088178,8.731601500109181e-08
168,Elliott Program Center,General,0.4786518510399854,37.42418212844449,-122.17798461934824,8.917600000171272e-08
169,Ricker Dining Hall,Dining,0.4640775141554764,37.42551922513029,-122.18048942714198,1.1193000000086524e-07
170,General Zone 170,General,0.5190892943188242,37.42482255548498,-122.17995822635723,4.093749999923276e-08
171,General Zone 171,General,0.5277564361842283,37.42473690537866,-122.17942655353247,4.099850000026055e-08
172,General Zone 172,General,0.4616587828927856,37.4290805,-122.1788005,4.387199999869332e-08
173,General Zone 173,General,0.5112093058299281,37.4354502,-122.1801236,5.535999999877846e-09
174,General Zone 174,General,0.4826495775197938,37.43183853230137,-122.1577536765684,1.5872649999732878e-07
175,General Zone 175,General,0.524517279040945,37.429010752865125,-122.17930190482257,1.0208999999679637e-08
176,General Zone 176,General,0.47743664290049914,37.43438149999999,-122.159413,4.982000000067586e-09
177,General Zone 177,General,0.5290937738102466,37.43499200727018,-122.18051057377593,7.975499999542858e-09
178,General Zone 178,General,0.49867353463005376,37.42955475,-122.18541450000002,4.649810000167153e-09
179,General Zone 179,General,0.5536729988736735,37.42793399999999,-122.15832499999999,3.412000000278829e-09
180,General Zone 180,General,0.4737520944145993,37.43530297705012,-122.18058165627808,5.490150000347398e-09
181,General Zone 181,General,0.49410663510502584,37.4309313915938,-122.15614281585013,4.615559999562054e-09
182,General Zone 182,General,0.4713473521240589,37.43512730091716,-122.1806763015368,5.558105000085047e-09
183,General Zone 183,General,0.5524693618278563,37.426890026871405,-122.17952543889955,7.815000001252142e-10
184,General Zone 184,General,0.5477339353380981,37.42757362348556,-122.17975427323563,5.9015000002526945e-09
185,General Zone 185,General,0.48579416277151555,37.42903682413975,-122.18138672984482,4.6379969998263615e-08
186,General Zone 186,General,0.525998404603418,37.43595644159921,-122.1795420572088,4.067424999968452e-09
187,General Zone 187,General,0.5417222200201216,37.43388765865894,-122.16241289840809,1.7275000000344027e-09
188,Steamfitters Shop (09-130),General,0.5155200811599463,37.4283549567891,-122.15757043440571,1.7997000001331015e-08
189,General Zone 189,General,0.5129650578356006,37.43530833287122,-122.1797169879852,4.3279999995472484e-09
190,General Zone 190,General,0.4841852290900452,37.428391999999995,-122.17878,3.8453999999214385e-08
191,IT Offices (09-190),General,0.4693102767805899,37.428335549549864,-122.15804624814614,1.0775359500157344e-07
192,General Zone 192,General,0.5497215757953327,37.43453755861198,-122.17957000606161,3.0354999996113592e-09
193,General Zone 193,General,0.5500418057163331,37.43662499999999,-122.17608200000001,6.603199999734941e-08
194,General Zone 194,General,0.5233101457273268,37.43719500000001,-122.17326800000001,9.611999999141483e-09
195,General Zone 195,General,0.4939029791048701,37.43576,-122.1615375,4.98600000075793e-09
196,General Zone 196,General,0.4949209574612661,37.43584020720644,-122.17961418259499,3.38586000025692e-09
197,General Zone 197,General,0.532595567887024,37.42725347823743,-122.17892510290618,3.7104999999510503e-09
198,General Zone 198,General,0.5497110259952577,37.43473215175105,-122.17981170046524,8.418555000377464e-09
199,General Zone 199,General,0.5487086424265117,37.428346,-122.15784849999999,1.3930000000856643e-09
200,General Zone 200,General,0.5379875545857624,37.43574637361033,-122.17998534259777,5.3430000007387156e-09
201,General Zone 201,General,0.5242031646154288,37.43548365,-122.18033539999999,5.503000000221406e-09
202,Stanford Mausoleum,General,0.4684139964995049,37.43651322305035,-122.16994422784555,1.0910900000069657e-08
203,General Zone 203,General,0.4761628714094614,37.428869500000005,-122.18173200000003,2.1224000000405274e-08
204,General Zone 204,General,0.5498554188527079,37.4345577,-122.17964549999998,2.3011600000277597e-09
205,General Zone 205,General,0.520642905965959,37.43575923761599,-122.17922441905782,7.0049999995868536e-09
206,General Zone 206,General,0.460919705161663,37.43091999999999,-122.158938,8.912000000416618e-09
207,General Zone 207,General,0.4701471542866032,37.429007999999996,-122.17961799999999,1.2306000000637125e-08
208,General Zone 208,General,0.5263501769108055,37.43522934999999,-122.18068324999999,2.973060000306365e-09
209,General Zone 209,General,0.4605061583846219,37.42824027805055,-122.1787180727405,1.6497000000364567e-08
210,General Zone 210,General,0.4760808051417499,37.438007000000006,-122.1743115,3.764000000377233e-09
211,General Zone 211,General,0.5148733789366586,37.435871646480535,-122.17940686516785,4.736304999745529e-09
212,General Zone 212,General,0.5291895197692693,37.43546574402782,-122.17952127462725,4.8032500002703015e-09
213,General Zone 213,General,0.5251961259502601,37.42915418252851,-122.18147358819554,3.315190000541436e-09
214,General Zone 214,General,0.482426930946056,37.43084094280599,-122.15648678841464,2.6112224999041766e-08
215,General Zone 215,General,0.5312179221347536,37.4319165,-122.15735550000001,8.19399999917495e-09
216,General Zone 216,General,0.48372490874968,37.436218000000004,-122.15990729999999,1.205107999992147e-08
217,General Zone 217,General,0.4925399698159268,37.428791351184344,-122.15652011635359,7.105554999982696e-09
218,General Zone 218,General,0.5346491405118025,37.43563464627788,-122.18013273077484,5.478499999873317e-09
219,General Zone 219,General,0.5249632899047215,37.43476416681968,-122.17968156310722,1.3636100000886926e-09
220,General Zone 220,General,0.5449223410494178,37.42914403415353,-122.17953875354846,3.393499999999921e-08
221,General Zone 221,General,0.5257612892300343,37.4370375,-122.17626,3.5169000000312207e-08
222,General Zone 222,General,0.5168308603335472,37.42914624654784,-122.1792326771278,2.987249999934579e-08
223,General Zone 223,General,0.46936747678280927,37.43816449999999,-122.17425,6.80700000040902e-09
224,General Zone 224,General,0.49677158030594337,37.43556134999999,-122.18022970000003,5.76358999978492e-09
225,General Zone 225,General,0.4865202367681726,37.42767684420041,-122.15768154216427,3.6425000001238874e-09
226,General Zone 226,General,0.48439896433790836,37.43459174028098,-122.17982958101636,9.847610000184578e-09
227,General Zone 227,General,0.5573010554752446,37.43101983569963,-122.15623230690805,1.8207749999513653e-09
228,General Zone 228,General,0.49930977246667607,37.42880370850926,-122.18149741571708,1.1013500000189646e-08
229,General Zone 229,General,0.5492046555177114,37.4282845,-122.15846950000001,1.581999999966194e-09
230,General Zone 230,General,0.5231138625997263,37.434784699999994,-122.17976240000002,2.7657999996516036e-09
231,General Zone 231,General,0.5394811303541649,37.435964,-122.15965874999999,5.454350000079818e-09
232,General Zone 232,General,0.5102637093105192,37.42708820306513,-122.17876960536397,6.525000000340845e-10
233,General Zone 233,General,0.5176903884626359,37.4359655641145,-122.17967754345925,4.863044999729482e-09
234,General Zone 234,General,0.5092517693818864,37.427317349386215,-122.17895018319167,1.7649999997526755e-09
235,General Zone 235,General,0.47952429877980446,37.430708909120334,-122.15670341959246,8.468730000204396e-09
236,General Zone 236,General,0.5322452115261506,37.429125634365676,-122.18160822353761,3.1342159999081236e-08
237,General Zone 237,General,0.4880772362440856,37.4354109709408,-122.18043584392782,5.506000000217626e-09
238,General Zone 238,General,0.46243159664314537,37.42900624696356,-122.17914420152947,6.6690000001821485e-09
239,General Zone 239,General,0.5245472295907168,37.434778900000005,-122.18027220000002,2.64700000017688e-09
240,General Zone 240,General,0.4777110679407049,37.43056031220285,-122.15690276439514,1.893000000339129e-09
241,General Zone 241,General,0.5540458584352914,37.4290085,-122.179456,1.1644000000277976e-08
242,Maintenance Shops (09-140),General,0.5553928577002587,37.42829158776949,-122.15860744448001,3.139800000054373e-08
243,General Zone 243,General,0.5514864390220449,37.43502637914887,-122.18022067453832,1.8763499998512167e-09
244,General Zone 244,General,0.4970158700255444,37.428792264276865,-122.1794131000918,5.6113499998583207e-08
245,General Zone 245,General,0.46154566165288674,37.43815867889332,-122.17471901630718,1.1150500000503278e-08
246,General Zone 246,General,0.5528318562587725,37.43463663101154,-122.18003472293884,3.55588999965642e-09
247,General Zone 247,General,0.5028184148317314,37.432673441064836,-122.15872855000002,2.4870689999640857e-08
248,General Zone 248,General,0.5566654819043669,37.435393499999996,-122.1802044,5.768000000198499e-09
249,General Zone 249,General,0.5563619977089252,37.432108200246006,-122.16346305723658,2.0324999998869647e-09
250,General Zone 250,General,0.545300945546736,37.42707353017062,-122.17886671868497,1.2014999998660402e-09
251,General Zone 251,General,0.48944488920695856,37.434864245712916,-122.18037129455466,6.626465000283669e-09
252,General Zone 252,General,0.49850977286019255,37.429587556881465,-122.18598622275258,3.98049999918809e-09
253,General Zone 253,General,0.5451136671516857,37.42697760990657,-122.17909524167106,9.454999998939498e-10
254,General Zone 254,General,0.4916922005156278,37.43082669032674,-122.16154164644574,1.843709500245668e-08
255,General Zone 255,General,0.47694927466860926,37.42876896817821,-122.15613424765311,1.1731999999730588e-08
256,General Zone 256,General,0.515680126245835,37.4357235190199,-122.17975644483627,8.24426000034218e-09
257,General Zone 257,General,0.5536154774160781,37.43376279581152,-122.15891984525888,2.8650000005078293e-09
258,General Zone 258,General,0.5296029796674973,37.43469156594203,-122.18017312028985,2.7600000002102457e-09
259,General Zone 259,General,0.5170061170089365,37.42885,-122.17882599999997,4.303800000123483e-08
260,Carpenters Shop (09-135),General,0.46971764937707683,37.42815144208288,-122.15733944911341,1.230350000016658e-08
261,General Zone 261,General,0.521500722669917,37.424363042170235,-122.17937464866547,9.192899999937901e-08
262,General Zone 262,General,0.5590053850104263,37.430779116234994,-122.15611305026863,3.580767499951336e-08
263,General Zone 263,General,0.4740084015236524,37.42448585886868,-122.18007953097,9.218599999960895e-08
264,General Zone 264,General,0.5118329652363737,37.4297258812461,-122.15509691082765,4.053200000001201e-08
265,General Zone 265,General,0.5477373071927956,37.43473578955612,-122.17960610459369,7.165454999813456e-09
266,General Zone 266,General,0.5340768617754205,37.43499403565996,-122.16260497774772,5.916999999417698e-09
267,General Zone 267,General,0.5297015740995268,37.42803579408624,-122.15840819988462,1.733249999979078e-08
268,General Zone 268,General,0.5302484083987109,37.43326203596263,-122.16084926282053,6.136000000205452e-09
269,General Zone 269,General,0.49594911512197554,37.42728877374955,-122.18000325373062,7.047500000065027e-09
270,Storage Shed (09-150),General,0.4893591844264493,37.42799416744015,-122.15752048987109,9.050000000785598e-09
271,General Zone 271,General,0.5409361155478514,37.43538857993517,-122.16036259062732,5.86099999959389e-09
272,Fire Training Tower (09-210),General,0.5410113394679181,37.42780454327167,-122.15852635131878,3.5955000001587093e-09
273,General Zone 273,General,0.5467072318580104,37.43427797091362,-122.16382683295738,1.5517000000399686e-08
274,General Zone 274,General,0.5513240552556471,37.43144218445507,-122.15650628476456,4.9852480001609425e-08
275,General Zone 275,General,0.5111342398860937,37.433711311959584,-122.16195394002435,8.013449999955191e-09
276,Lyman Building 3,General,0.51015162946872,37.42483407491568,-122.18160079183107,9.853300000055372e-08
277,Lyman Building 1,General,0.5398295178966775,37.425875456570466,-122.18148854000816,1.3780750000039276e-07
278,BOB (Robert S Moore S),General,0.5249963930777766,37.42148792791912,-122.168936940758,4.8563499999296986e-08
279,Bechtel International Center,General,0.5301966877257703,37.423222716951095,-122.17245722250287,6.41915550005752e-08
280,Branner Hall,Residential,0.6095792669436101,37.425474951061055,-122.16284623516881,3.1051949999616987e-07
281,Burnham Pavilion,General,0.5490005341817566,37.42829027077972,-122.16439581712373,4.2566719999967915e-08
282,The Knoll,General,0.49379951568515357,37.42099432992268,-122.17240204176306,7.178380000066193e-08
283,East Wing,General,0.4975582952639944,37.42663736674412,-122.16683167978877,4.011324049980877e-07
284,Columbae House,Residential,0.5393981939840868,37.423081450611754,-122.16875823016635,5.1247000000056925e-08
285,Coupa Café,Dining,0.5178280140996174,37.42620372981533,-122.1669739669352,6.328164999902382e-09
286,Cubberly Education Building,General,0.4635942273796742,37.42635997867266,-122.16834155588501,2.7532691999920783e-07
287,Dinkelspiel Memorial Music Audit...,General,0.506559801813246,37.42406167900902,-122.16989267437474,1.6543300000162034e-07
288,Drell House,Residential,0.5842644634707577,37.422635944175376,-122.16824893540122,1.666531500069245e-08
289,Enchanted Broccoli Forest,General,0.48865412521282847,37.41975256517615,-122.17402602057166,7.870849999959733e-08
290,Arrillaga Center for Sports and ...,StudentCenter,0.659083326056901,37.42998005742579,-122.1637982086117,3.700079999981497e-07
291,Burnham Pavilion,General,0.46305002499390496,37.4285027779204,-122.16433629594025,1.8189385000005004e-07
292,Ford Center For Sports & Recreation,StudentCenter,0.6037348188749213,37.42890599813845,-122.16425064978695,4.228135999984054e-07
293,Herbert Hoover Memorial Building,General,0.5422600560659658,37.42724350000001,-122.16632760000003,1.4393199999927427e-07
294,Kappa Sigma,General,0.4960190641411263,37.42024278612352,-122.17024180755966,1.1746499999810495e-07
295,Bambi,General,0.4727060512651885,37.427141694185,-122.17581828360584,8.174549999828098e-08
296,Montag Hall,Residential,0.5822243260054804,37.4295099,-122.16445619999998,7.568399999928741e-08
297,Stanford Art Gallery,Arts,0.606999355309861,37.42800700081258,-122.16769874423989,1.1970200000115146e-07
298,Bing Wing,General,0.4815821027496843,37.42692041901469,-122.16761475047691,4.5716444000168354e-07
299,Galvez Modular,General,0.5222890475819,37.42590719953844,-122.16640012472956,9.944450000109899e-08
300,HEPL South,General,0.4685347464993768,37.42712579833803,-122.17464987188342,3.4798000000178647e-07
301,General Zone 301,General,0.4651681721168608,37.42590216394811,-122.16886337494635,8.466500000101118e-09
302,Barnum Center,General,0.5131354631568148,37.42567902904115,-122.16878376859903,9.296082500063227e-08
303,Lathrop Library,Library,0.4440635121610106,37.429209774726196,-122.1673282085988,5.541400900009076e-07
304,Stanford Bookstore,General,0.5237429901498206,37.42482215716343,-122.16870991211213,3.1091922999948563e-07
305,General Zone 305,General,0.5326091333722661,37.43003435659078,-122.16695323135568,5.209800000124873e-08
306,Hoover Tower,General,0.5575852079462534,37.427622468116994,-122.16699256131439,1.4634377999691473e-07
307,General Zone 307,General,0.5116300348301195,37.42978315713282,-122.16585941259535,1.4643160000061396e-08
308,Harmony House,Residential,0.5622956472941245,37.42428550804698,-122.1730602816383,1.3721500000594966e-08
309,Haas Center for Public Service,General,0.5395186194768704,37.422498713932896,-122.16744827142473,4.44715000001994e-08
310,General Zone 310,General,0.48708322512620744,37.42269629878957,-122.16686402382254,7.157100000141143e-08
311,General Zone 311,General,0.5038971420705636,37.42190410131699,-122.1682582588102,2.2020000000165947e-08
312,General Zone 312,General,0.4678456381342266,37.425604760379855,-122.16195303103122,1.5658949999898559e-07
313,General Zone 313,General,0.4625350743415457,37.420799581504774,-122.17292442114373,6.758500000089041e-09
314,William J. Patterson Building,General,0.5562648414677925,37.42751474720713,-122.16144299972716,1.360455600018772e-07
315,Alpha Phi Kappa Kappa Gamma,General,0.5435980120512206,37.42089923982213,-122.17014676103838,1.0808150000043508e-07
316,General Zone 316,General,0.5295974206093698,37.420471693292974,-122.17137709480129,1.2252300000055633e-07
317,Lantana,General,0.500895294441427,37.42569703515385,-122.16075136444947,1.1465202500044304e-07
318,General Zone 318,General,0.47732943200708455,37.4253652386769,-122.16078427478239,2.906300000026436e-08
319,Jerry,General,0.4756437042671086,37.42108139623997,-122.17367329388082,8.970699999807574e-08
320,Kennedy Grove,General,0.48502428981645956,37.42390460781303,-122.17284775298158,6.414500000010283e-08
321,Kimball Hall,Residential,0.584922666470612,37.42506250889122,-122.16187252404457,2.0945652500033388e-07
322,Koret Pavillion,General,0.5314595922700063,37.422088825237616,-122.16796247253511,5.837449999842837e-08
323,The Well House (Robert S Moore N),Residential,0.5960197376717731,37.42188539459327,-122.16916019381578,5.633099999994341e-08
324,Landau Economics Building,General,0.48799338969459427,37.42861793418793,-122.16583847802994,1.6904450000115827e-07
325,Littlefield Center,General,0.5554865280663194,37.430330018175866,-122.16754022486109,1.726163499974378e-07
326,Lou Henry Hoover Building,General,0.5337896916695769,37.42768099999999,-122.16618489999996,1.5052000000211073e-07
327,Castaño,General,0.5154354052511401,37.42507041743908,-122.16094767337401,9.909550000025006e-08
328,Mariposa,General,0.5211720746234352,37.42319853289156,-122.17182652966218,2.3843500000106396e-08
329,Mars,General,0.501960006242779,37.42268782958147,-122.16862849476344,3.7381500000285016e-08
330,Memorial Hall,Residential,0.5547730989501157,37.42904305772644,-122.16649096350125,3.8327120000045785e-07
331,Munger Building 1,General,0.49559726786512615,37.423291356764814,-122.16565062803114,2.953290000006513e-07
332,Munger Building 2,General,0.5357846110464369,37.42291583296265,-122.1663392112223,1.2364700000019195e-07
333,Munger Building 3,General,0.4614393488629756,37.42358172965259,-122.16634553544088,1.2251150000027687e-07
334,Munger Building 4,General,0.47160726405069164,37.42314866787234,-122.1669568916164,2.799929550005896e-07
335,Munger Building 5,General,0.46460026420217526,37.422872723639955,-122.16780994324664,1.2349650000050785e-07
336,Muwekmah-tah-ruk,General,0.464072880231897,37.42343169569493,-122.16901564186234,3.492000000037227e-08
337,Narnia,General,0.5455460584011007,37.41994743418768,-122.17492513812074,1.670495000002755e-07
338,Owen House,Residential,0.6003657859380023,37.42283138202656,-122.16839401307959,1.6589175000005e-08
339,Roble Hall,Residential,0.5774173829087325,37.424261888546,-122.17459013291887,2.934298500014176e-07
340,Rogers,General,0.46978341606510016,37.42343338129627,-122.1718974551879,1.938649999934891e-08
341,School of Law,Law,0.5091615875116833,37.424058132128465,-122.16776312625255,5.318745400019977e-07
342,Attneave,General,0.5073471770780565,37.42294762827946,-122.17181675905604,2.8199499999633053e-08
343,Sigma Phi Epsilon,General,0.47732018699100154,37.41994928969652,-122.17096415341831,1.241345000002563e-07
344,Sigma Chi,General,0.5033851649237973,37.422838718379985,-122.16958831948999,4.1440000000027826e-08
345,Sigma Nu,General,0.4998504734397374,37.422284,-122.1683965,3.764800000300718e-08
346,Stanford Center for Research and...,General,0.5215850098052217,37.42461951643252,-122.16695917982607,2.3163400000168331e-07
347,Stanford Station Post Office,Transit,0.34850936508676433,37.42429486248683,-122.16889663940682,1.3669294000113514e-07
348,Storey,General,0.46453040097720444,37.423225499999994,-122.169729,4.286599999911907e-08
349,Sweet Hall,General,0.49746126146264713,37.42520491591658,-122.16668787051624,9.694427000221904e-08
350,Xanadu,General,0.5225859915714236,37.422222027561574,-122.1692988923416,4.939849999855163e-08
351,General Zone 351,General,0.5103136258580088,37.427420020566466,-122.16606003727135,2.7776035000555886e-08
352,General Zone 352,General,0.5456489841188322,37.427508902187284,-122.16647618593785,3.434330499957683e-08
353,Thornton Center,General,0.5258693631618945,37.42556075,-122.17372449999999,7.360342000074869e-08
354,General Zone 354,General,0.476293442708143,37.42441253445302,-122.17266873321694,2.4054499999339373e-08
355,General Zone 355,General,0.467056874740043,37.422090743842745,-122.17352134299917,6.638499999590089e-09
356,General Zone 356,General,0.5242419278206316,37.42057173814733,-122.17037438584974,4.112999999595501e-09
357,General Zone 357,General,0.46265113105416217,37.43146255,-122.16557099999999,2.539507999986325e-08
358,Black Community Service Center,General,0.5185775581273463,37.42456950672402,-122.1726707793805,1.3483999999186531e-08
359,Lake House,Residential,0.6240230241424958,37.42188528729561,-122.17361118562539,2.196873000063743e-08
360,Acacia,General,0.517547417787588,37.43030808436893,-122.17728220557467,2.848599999874769e-08
361,Birch,General,0.4988169926206522,37.430548,-122.17786400000001,3.347000000055667e-08
362,Blume Earthquake Engineering Center,Engineering,0.38432882184423534,37.42602767067887,-122.17116615545237,9.820049999988792e-08
363,Cedar Hall,Residential,0.5758252890491516,37.42917783789433,-122.17647708835,7.909450000155623e-08
364,Durand Building,General,0.5145616789315935,37.42685945413438,-122.17330036842385,3.243576100023203e-07
365,Encina Commons,General,0.5541464808776525,37.42679386234108,-122.16488577942303,3.473161500027327e-07
366,Forsythe Data Center,General,0.49861026378007745,37.428596640717736,-122.17751834343875,2.0010400000029302e-07
367,Gates Computer Science,Engineering,0.41611905638239144,37.43012563029684,-122.17344007507253,3.131751150019472e-07
368,Gilbert Hall,General,0.5505350641956064,37.43003894396516,-122.17249679577489,2.1198725499816258e-07
369,Hagey Laboratory for Pediatric R...,Medicine,0.4795791134789297,37.43206767562649,-122.17845699879577,6.886902999895818e-08
370,Hewlett Teaching Center,General,0.46693613008751655,37.42901550619058,-122.17288604756202,1.5674899999615868e-07
371,Polya Hall,Residential,0.5400778001377426,37.42898059874202,-122.17753921850472,1.386095000009794e-07
372,Via Ortega Garage,Transit,0.2868221825651549,37.428071349538676,-122.17682512920125,4.320872499960014e-07
373,Lorry Lokey Labs,General,0.46944429607559285,37.43197006798653,-122.1728063549344,2.6051058499880934e-07
374,Roth Way Garage,Transit,0.3533006773416356,37.43287809844436,-122.1724511936889,8.434967000044485e-07
375,Stauffer I,General,0.4671188648460229,37.43119790321298,-122.17215719468881,8.400283999904103e-08
376,Stauffer II,General,0.49189756302937615,37.430866565970575,-122.17227272484051,8.218612999829686e-08
377,Keck Science,Engineering,0.40448753109694546,37.43170161561477,-122.17171910020262,2.1742315000093323e-07
378,Bank of America,General,0.4623271935735826,37.43962984769763,-122.1705218447611,4.211250000012079e-08
379,General Zone 379,General,0.5414468482588936,37.4386334390994,-122.17068350848217,2.577875000021513e-07
380,General Zone 380,General,0.48818547747734,37.42736795517999,-122.16515216647744,8.757830000211995e-08
381,"Mechanical Engineering, TSG",Engineering,0.33181648276216563,37.425856330224434,-122.1703569124652,8.958149999829022e-08
382,"Mechanical Engineering, TSG",Engineering,0.389673716536415,37.42606520761822,-122.17044738745099,8.142749999844076e-08
383,Physics and Astrophysics,General,0.5228942846779884,37.42822572157709,-122.1726725787224,1.7817820999923422e-07
384,Moore Material Research,General,0.5477472013527053,37.427821454932705,-122.1728293196414,1.7139654000093495e-07
385,Cypress Hall,Residential,0.6035071043803886,37.428664230223625,-122.17664747038758,1.2667249999978276e-07
386,Spruce Hall,Residential,0.6103480930384848,37.42864805802713,-122.17696404646578,6.119550000060789e-08
387,Center for Turbulence Research,General,0.48820345725713066,37.42568249673579,-122.16976517956394,1.254512999920169e-08
388,General Zone 388,General,0.4777439543779723,37.42587016026138,-122.16954654703709,1.6452995500260997e-07
389,General Zone 389,General,0.5350614751640859,37.427299428429016,-122.1647132004872,1.8640859999972158e-07
390,Juniper,General,0.5406834739267264,37.43035452605899,-122.17754320037936,2.2407499999289284e-08
391,Laurel,General,0.5590505142000673,37.4304635,-122.17723500000001,3.309499999962938e-08
392,McCullough,General,0.5012617676911426,37.42748685970556,-122.17293635136284,1.8657786999906524e-07
393,Mechanical Engineering Administr...,Engineering,0.3572018085792783,37.42624699810845,-122.1710938293408,9.868399999866506e-08
394,Mitchell Earth Science Building,Engineering,0.3976412960741997,37.42642351994519,-122.17267233321695,2.0175799499884714e-07
395,Mudd Hall,General,0.4940803540253018,37.43156486870447,-122.17293013822312,2.363112999977653e-07
396,Oak,General,0.5530757325603565,37.43048000000001,-122.1777125,3.367500000004021e-08
397,Peterson Laboratory,General,0.5458412751843011,37.42630203627242,-122.1719016001385,2.0407150000175051e-07
398,Pine Hall,Residential,0.5728994027375018,37.429475434113215,-122.17768437745835,1.6962050000064083e-07
399,Poplar,General,0.5350871067791497,37.4305035,-122.17749149999999,2.98910000007232e-08
400,Redwood Hall,Residential,0.6054542874084682,37.42922398507577,-122.17712321171122,9.992700000018674e-08
401,Sequoia Hall,General,0.4703123868835933,37.42894313862379,-122.17221427971582,1.229699500000989e-07
402,Skilling Building,General,0.5502552906679566,37.427125510266634,-122.17285680870407,4.1924499998227914e-08
403,Varian Physics Laboratory,General,0.5105252372447857,37.42852903175485,-122.17256686027876,2.0478177499910653e-07
404,Packard,Engineering,0.4026457466107742,37.429261816458116,-122.1738508732847,3.0998599999872557e-07
405,General Zone 405,General,0.49200496010306116,37.425855622751136,-122.16480239021868,1.8423025499493226e-07
406,General Zone 406,General,0.5495523228496201,37.43429399999999,-122.1733515,1.0548000000721205e-08
407,General Zone 407,General,0.4989201678734163,37.42601144816479,-122.17008259758694,6.661986999869061e-08
408,Mark Taper Student Center,StudentCenter,0.6010837651480297,37.42556960379487,-122.1653293698778,3.071645000096116e-08
409,General Zone 409,General,0.5505381976419264,37.431039909777596,-122.17224171233886,1.524457999999977e-08
410,General Zone 410,General,0.4691286676786134,37.427183989194475,-122.16429098080866,8.172109999954107e-08
411,Arrillaga Outdoor Education and ...,StudentCenter,0.6319313637590414,37.426738305745985,-122.17749587096822,4.0169252999756686e-07
412,Shriram Center for Bioengineerin...,Engineering,0.4150061967050805,37.42898626126833,-122.17525776332863,4.4032519000318696e-07
413,Hoover Pavilion Garage,Transit,0.3800607146937556,37.440784334216275,-122.16910227161426,4.7420536499857236e-07
414,Arrillaga Family Dining Commons,Dining,0.5173437888123287,37.42541857618022,-122.16410413111998,1.9463510500037778e-07
415,General Zone 415,General,0.52318372121698,37.42667305790243,-122.16959960136572,1.1484455000647825e-08
416,General Zone 416,General,0.504844552197832,37.42584153153359,-122.17255820318633,1.8431280499912014e-07
417,Arroyo,General,0.48932107716980644,37.42429171869551,-122.16261646857885,7.61666349998452e-08
418,Cedro,General,0.4928664545369916,37.42406106493236,-122.16226256576832,1.0743501999806583e-07
419,Junipero,General,0.5272518456077039,37.4235597703099,-122.16242840384407,9.958283000250169e-08
420,General Zone 420,General,0.535237452943768,37.4346471766443,-122.18097616087185,6.669450000074006e-09
421,Comparative Medicine Pavilion,Medicine,0.5391579043725848,37.43309486675406,-122.18024180123868,2.1580703500121024e-07
422,General Zone 422,General,0.5389618142794554,37.435896698924424,-122.17977496673616,3.199540000065638e-09
423,General Zone 423,General,0.46912061030486907,37.435838999999994,-122.17985500000002,6.157479999911679e-09
424,General Zone 424,General,0.5094420304702582,37.43568546927592,-122.17911369282794,4.9060099997239865e-09
425,Central Process Steam Building,General,0.46575587600166446,37.432997739262504,-122.18096839840219,2.6149989999951417e-08
426,General Zone 426,General,0.5149528882323735,37.44132234999999,-122.16982045,5.101329999895048e-09
427,General Zone 427,General,0.5041530501373377,37.4412603335614,-122.16986599031979,6.580504999392092e-09
428,General Zone 428,General,0.54877041827583,37.42858733553606,-122.1563889625926,9.234000000288853e-09
429,General Zone 429,General,0.4950915012552079,37.43333162032851,-122.15770451735845,3.97914150020009e-08
430,Sapp Center for Science Teaching...,Engineering,0.33170670164276056,37.43071431384897,-122.17155019524353,3.0957166999797724e-07
431,General Zone 431,General,0.4742991682052836,37.42704274487045,-122.17166081659397,6.437614999785276e-09
432,Anderson Collection at Stanford ...,Arts,0.6061510631717472,37.43377424440392,-122.17079022047822,1.7979549999835648e-07
433,General Zone 433,General,0.5218218063316261,37.44113978423601,-122.16583043148684,2.8191350001019966e-09
434,General Zone 434,General,0.47011226761227903,37.44108382152544,-122.16558259006098,2.8173799997017994e-09
435,Meier Hall,Residential,0.5384106806114997,37.42516113042969,-122.17530491248749,1.3678890499946898e-07
436,Windhover,General,0.530096913145912,37.42499468391755,-122.17437699964985,9.138859999769814e-08
437,David & Joan Traitel Building,General,0.46727630063641934,37.42753090071145,-122.16780289595135,2.7210834499801794e-07
438,Jack McDonald Hall,Residential,0.6121860059290356,37.42699909738529,-122.16372432644457,2.324515049989556e-07
439,General Zone 439,General,0.5306242227156497,37.42695709422112,-122.16309286440818,1.853122750000847e-07
440,General Zone 440,General,0.46813487806418996,37.42593375719386,-122.16160567404351,1.4330222999919048e-07
441,General Zone 441,General,0.4684837714085192,37.424515181413014,-122.16881266420819,1.8221000000369745e-08
442,Anne T. and Robert M. Bass Biolo...,General,0.5586639578501176,37.43089777634265,-122.17327596839694,2.5526019499933666e-07
443,Annette's Cafe,Dining,0.49742707957561205,37.430435367629336,-122.17245836104719,1.2587830000607536e-08
444,General Zone 444,General,0.4970642147066891,37.432329756042826,-122.15874244598328,2.40741400002225e-07
445,General Zone 445,General,0.5412799567257502,37.43136246075069,-122.1571869055389,6.060011499744045e-08
446,General Zone 446,General,0.5547248577383859,37.42333837634996,-122.16496419993521,2.775522999988382e-08
447,General Zone 447,General,0.5586001063822871,37.42319829704473,-122.16353234892252,7.517755000164011e-09
448,North Building,General,0.5353378185258941,37.42844645984763,-122.16266330439569,1.7003312499974126e-07
449,Lucile Packard Children's Hospit...,Engineering,0.3576259585530916,37.4362621719702,-122.17383526177322,6.424589950004653e-07
450,General Zone 450,General,0.46835007166986686,37.43574389335648,-122.16246398762345,1.8205699998989682e-09
451,Lasuen Restroom,General,0.5377146915927437,37.4340468276069,-122.16573155617716,1.2801519999698754e-08
452,Stanford Neuroscience Health Center,Engineering,0.3758404249735805,37.441572091783385,-122.16939399236789,1.836942049995632e-07
453,Stanford ChEM-H Building,General,0.5024222009246977,37.43009268798915,-122.1768683889741,3.1002378999852384e-07
454,Stanford Neurosciences Building,Engineering,0.4106354385094736,37.429819399530636,-122.17624829666116,3.60696685000689e-07
455,General Zone 455,General,0.47111974823061514,37.43290064595493,-122.1774287617172,4.226132700031628e-07
456,General Zone 456,General,0.5092625104290859,37.43384480642353,-122.17361005707394,2.1726251500473147e-07
457,General Zone 457,General,0.4611353644767419,37.43415940059837,-122.17590126548394,4.4374550002201334e-08
458,General Zone 458,General,0.5068660641994126,37.434285567947356,-122.17788496962856,1.782999999907845e-08
459,General Zone 459,General,0.46563032756818373,37.434533319637474,-122.1790387289267,1.7918549998101251e-09
460,General Zone 460,General,0.4718817916268072,37.434516479498015,-122.17914070573437,1.3562100002461406e-09
461,General Zone 461,General,0.4717526246777105,37.434432835941614,-122.17807968506001,2.1264899998568764e-09
462,General Zone 462,General,0.5249210302116064,37.43572502400122,-122.17428302667494,1.4044659999256188e-08
463,General Zone 463,General,0.5346044879265424,37.425651114988966,-122.17978795061919,6.567944999919073e-08
464,Lorry I. Lokey Stanford Daily Bu...,General,0.5183368765097159,37.4255998,-122.17067924999999,3.054283999992047e-08
465,General Zone 465,General,0.5562172548474542,37.42959487507731,-122.18402576141666,3.630914999968228e-08
466,Environmental Health & Safety,Medicine,0.4974870579523704,37.429082776066046,-122.18484907682871,8.146530499885043e-08
467,Pasteur Staff Garage,Transit,0.31357120862818605,37.434796688267525,-122.17834942602076,6.878788350040287e-07
468,Stanford Hospital,Medicine,0.5468599128189461,37.43464529687363,-122.17700513498966,1.6590390000014837e-06
469,Modular 2,General,0.4823595838519453,37.430364885472166,-122.1812781282079,2.267198499990413e-08
470,Modular 1,General,0.5563222539440611,37.4303058743983,-122.18111428807836,2.267198499990413e-08
471,Modular 3,General,0.46121544746898163,37.430158899999995,-122.18115315,2.2658220000596716e-08
472,Modular 5,General,0.5569878826707639,37.430011955537594,-122.1812309200632,2.26825650002754e-08
473,Modular 4,General,0.4643159911950576,37.430236646598374,-122.18134828031442,1.6382955000224706e-08
474,General Zone 474,General,0.5491143113698072,37.43010032690216,-122.18138519241722,1.6388949999334893e-08
475,General Zone 475,General,0.51277011090863,37.43149683382947,-122.18254874398099,2.128112950016542e-07
476,General Zone 476,General,0.5592964796119301,37.431595002854,-122.1823395604964,1.7531245500087272e-07
477,General Zone 477,General,0.4673796564735399,37.43168571461203,-122.18216297850284,1.445330600022105e-07
478,General Zone 478,General,0.5153854284401321,37.431771302854,-122.18199006049643,1.7531245500087272e-07
479,General Zone 479,General,0.55693025356191,37.431860302854005,-122.18180146049642,1.7531245499663078e-07
480,General Zone 480,General,0.5123097844170149,37.43194890034251,-122.18162731806179,1.548107400029877e-07
481,Norcliffe,General,0.5229398638135263,37.425526002076,-122.17702085604512,1.2928564500042036e-07
482,General Zone 482,General,0.5295748688984617,37.4226892791787,-122.18144039557097,1.0349879998837664e-08
483,Huffington Barn,General,0.5054541064767774,37.4267573857248,-122.18342761178509,5.1323414998552036e-08
484,Green House,Library,0.4527558080084063,37.42669255,-122.1837006,8.880389999382947e-09
485,General Zone 485,General,0.51843143119231,37.426565907358935,-122.18361621883645,9.080389999710996e-09
486,Lathe House,Residential,0.6201158010490988,37.426610149999995,-122.18344470000001,9.077480000376263e-09
487,General Zone 487,General,0.4645446380341458,37.43008682336944,-122.18214115498114,9.030239999771673e-09
488,General Zone 488,General,0.48809631895922306,37.429991879717285,-122.18217811530558,9.034869999612012e-09
489,General Zone 489,General,0.5550411484076558,37.42990562028271,-122.18220628469442,9.034870000154866e-09
490,"District Work Center, Campus Drive",General,0.5490263783890916,37.43354424861905,-122.17235801433688,4.2146849999346215e-08
491,Denning House,Residential,0.5755656752785713,37.42349616695099,-122.17388060820338,1.1015149000249644e-07
492,Northwest Data Center and Commun...,General,0.5220132597801537,37.433437064912574,-122.18073854152176,9.596020500056755e-08
493,General Zone 493,General,0.48773811829811325,37.4405699807541,-122.16797067946663,2.4125385000102603e-08
494,Memorial Way District Work Center,General,0.47881211597237616,37.42991944442845,-122.16638542970351,4.760682500067874e-08
495,General Zone 495,General,0.5063698404939982,37.429912931085205,-122.17483397033614,1.9176463999989464e-07
496,General Zone 496,General,0.4953352228026053,37.42534591783437,-122.17166196980982,4.694439999996647e-09
497,General Zone 497,General,0.5183656111850872,37.42565726620185,-122.17171706874433,2.765595000213826e-09
498,General Zone 498,General,0.46777346369649847,37.4255674,-122.17172464999997,1.9861800000115767e-09
499,General Zone 499,General,0.5574394807666166,37.4308077,-122.16679900000001,1.2892979999567608e-08
500,General Zone 500,General,0.5586210744479603,37.43060782364738,-122.16677184392589,1.3954364999873216e-08
501,General Zone 501,General,0.5298161714019746,37.42385375480116,-122.17213438717756,7.127440499999528e-08
502,General Zone 502,General,0.5136096366344121,37.424659368015504,-122.17788882280347,1.4702785000150759e-08
503,Arrillaga Hall,Residential,0.5609527616286327,37.429313091842914,-122.16353515894652,1.0285124999951643e-07
504,General Zone 504,General,0.5413795019706948,37.42949339999999,-122.16284105000001,6.98721000021627e-09
505,General Zone 505,General,0.5284731172553879,37.42633022925953,-122.1626929063523,3.912777000138127e-08
506,General Zone 506,General,0.47626169393448914,37.429372699999995,-122.15671814021653,2.700467000069668e-08
507,General Zone 507,General,0.5510927184493842,37.42964495602701,-122.15633131952882,2.9473080000072472e-08
508,General Zone 508,General,0.5422537242923169,37.429634401814646,-122.15664805097003,1.3950341999922114e-07
509,General Zone 509,General,0.5549799913291924,37.42923519148886,-122.15639928030272,4.0736610000883373e-08
510,General Zone 510,General,0.532571950838836,37.4288943519566,-122.15625661573503,9.008634999608488e-09
511,General Zone 511,General,0.521341519593579,37.43038193415453,-122.1570271038862,2.5004509999092888e-08
512,General Zone 512,General,0.5018243036290619,37.43030053974692,-122.1583181370655,5.147891999963283e-08
513,Center for Academic Medicine,Medicine,0.5532728483354014,37.437019054651024,-122.17155928054754,5.223588749999189e-07
514,General Zone 514,General,0.5466063889500409,37.43133155,-122.17165240000001,5.406000000310461e-09
515,General Zone 515,General,0.4645218670106189,37.43133722870044,-122.17159088504496,4.5995984998932886e-08
516,Medical School Office Building,Medicine,0.4626366974497252,37.43196460469471,-122.17930163934301,1.9273773000011796e-07
517,Ujamaa B,General,0.49764633668780495,37.42454245795247,-122.17547381860146,5.457807500082859e-08
518,Granada,General,0.5410553330781833,37.42493767429885,-122.17731488917009,6.861086000043927e-08
519,Adelfa,General,0.5587276129314944,37.425360875960926,-122.17644829087985,7.912555000142963e-08
520,Naranja,General,0.4750416891103528,37.42524028434036,-122.17588842904182,9.128030000211391e-08
521,Admin,General,0.5194130715352135,37.425411653813605,-122.17613748785729,2.0271850000429088e-08
522,Ujamaa A,General,0.49808908566310217,37.424798015219736,-122.17579834637978,1.261120600033598e-07
523,Eucalipto,General,0.5569914397814604,37.42502352230356,-122.1768135866318,1.1888569999819497e-07
524,Lakeside Dining,Dining,0.5442118923135709,37.424697898459584,-122.17641096237405,1.9731613000087418e-07
525,General Zone 525,General,0.5438328704711138,37.43165744868493,-122.17828298102675,2.4422450001004276e-09
526,Kappa Alpha,General,0.506869315979497,37.420419018998196,-122.17397173785993,1.0230339500061823e-07
527,Breer Library,Library,0.43148195023376645,37.42090392216039,-122.17143108088959,5.0686795000043013e-08
528,General Zone 528,General,0.48734070719307065,37.42665217968892,-122.16808175844133,4.257365000584336e-09
529,General Zone 529,General,0.46563754966509274,37.42995583923398,-122.18586835707382,1.6848450004841266e-09
530,General Zone 530,General,0.5464722376255053,37.42672838349864,-122.16025853705804,1.1867059999878089e-08
531,General Zone 531,General,0.5412901009130078,37.426680846808225,-122.1600236127648,2.3664344999624275e-08
532,General Zone 532,General,0.5599717673286131,37.426034317214025,-122.16091335964245,1.2324945000078758e-08
533,General Zone 533,General,0.5596636837073905,37.42677380715933,-122.16248073567479,1.7314488999584864e-07
534,General Zone 534,General,0.5155431705602628,37.4302549203834,-122.16603387738422,2.8619700001051874e-09
535,General Zone 535,General,0.5368987415180511,37.43026571236033,-122.1658352765182,4.772040000269162e-09
536,LBRE District Work Center,General,0.5544765729882428,37.42752347622587,-122.17525897496834,1.3298935999771636e-07
537,General Zone 537,General,0.5449647390677411,37.43372637467085,-122.16020943960059,4.380759999459466e-09
538,General Zone 538,General,0.4847348101743198,37.43529912532916,-122.16198936039943,4.3807599991191164e-09
539,General Zone 539,General,0.5050544135310093,37.43381478718882,-122.161846377257,1.1013854999078485e-08
540,General Zone 540,General,0.4729159415151495,37.42647973266532,-122.18419913686414,1.3816455000122025e-08
541,General Zone 541,General,0.5554051027258723,37.42618571847526,-122.18425730008202,4.776728999964508e-08
542,Computing & Data Science,Engineering,0.380617463445088,37.42998078526728,-122.17178477177262,3.443154099989163e-07
